WeekBEGIN;
INSERT INTO pizzeria_ingredient (id, name, is_meat, is_dairy, is_vegan, unit_cost, unit_type, created_at, updated_at) VALUES (1001, 'Tomato sauce', FALSE, FALSE, TRUE, 0.03, 'gram', NOW(), NOW()) ON CONFLICT (id) DO UPDATE SET name = EXCLUDED.name, is_meat = EXCLUDED.is_meat, is_dairy = EXCLUDED.is_dairy, is_vegan = EXCLUDED.is_vegan, unit_cost = EXCLUDED.unit_cost, unit_type = EXCLUDED.unit_type;
INSERT INTO pizzeria_ingredient (id, name, is_meat, is_dairy, is_vegan, unit_cost, unit_type, created_at, updated_at) VALUES (1002, 'Mozzarella', FALSE, TRUE, FALSE, 0.05, 'gram', NOW(), NOW()) ON CONFLICT (id) DO UPDATE SET name = EXCLUDED.name, is_meat = EXCLUDED.is_meat, is_dairy = EXCLUDED.is_dairy, is_vegan = EXCLUDED.is_vegan, unit_cost = EXCLUDED.unit_cost, unit_type = EXCLUDED.unit_type;
INSERT INTO pizzeria_ingredient (id, name, is_meat, is_dairy, is_vegan, unit_cost, unit_type, created_at, updated_at) VALUES (1003, 'Pepperoni', TRUE, FALSE, FALSE, 0.07, 'gram', NOW(), NOW()) ON CONFLICT (id) DO UPDATE SET name = EXCLUDED.name, is_meat = EXCLUDED.is_meat, is_dairy = EXCLUDED.is_dairy, is_vegan = EXCLUDED.is_vegan, unit_cost = EXCLUDED.unit_cost, unit_type = EXCLUDED.unit_type;
INSERT INTO pizzeria_ingredient (id, name, is_meat, is_dairy, is_vegan, unit_cost, unit_type, created_at, updated_at) VALUES (1004, 'Chicken kebab', TRUE, FALSE, FALSE, 0.08, 'gram', NOW(), NOW()) ON CONFLICT (id) DO UPDATE SET name = EXCLUDED.name, is_meat = EXCLUDED.is_meat, is_dairy = EXCLUDED.is_dairy, is_vegan = EXCLUDED.is_vegan, unit_cost = EXCLUDED.unit_cost, unit_type = EXCLUDED.unit_type;
INSERT INTO pizzeria_ingredient (id, name, is_meat, is_dairy, is_vegan, unit_cost, unit_type, created_at, updated_at) VALUES (1005, 'Onions', FALSE, FALSE, TRUE, 0.02, 'gram', NOW(), NOW()) ON CONFLICT (id) DO UPDATE SET name = EXCLUDED.name, is_meat = EXCLUDED.is_meat, is_dairy = EXCLUDED.is_dairy, is_vegan = EXCLUDED.is_vegan, unit_cost = EXCLUDED.unit_cost, unit_type = EXCLUDED.unit_type;
INSERT INTO pizzeria_ingredient (id, name, is_meat, is_dairy, is_vegan, unit_cost, unit_type, created_at, updated_at) VALUES (1006, 'Garlic sauce', FALSE, FALSE, FALSE, 0.06, 'gram', NOW(), NOW()) ON CONFLICT (id) DO UPDATE SET name = EXCLUDED.name, is_meat = EXCLUDED.is_meat, is_dairy = EXCLUDED.is_dairy, is_vegan = EXCLUDED.is_vegan, unit_cost = EXCLUDED.unit_cost, unit_type = EXCLUDED.unit_type;
INSERT INTO pizzeria_ingredient (id, name, is_meat, is_dairy, is_vegan, unit_cost, unit_type, created_at, updated_at) VALUES (1007, 'Gyros meat', TRUE, FALSE, FALSE, 0.08, 'gram', NOW(), NOW()) ON CONFLICT (id) DO UPDATE SET name = EXCLUDED.name, is_meat = EXCLUDED.is_meat, is_dairy = EXCLUDED.is_dairy, is_vegan = EXCLUDED.is_vegan, unit_cost = EXCLUDED.unit_cost, unit_type = EXCLUDED.unit_type;
INSERT INTO pizzeria_ingredient (id, name, is_meat, is_dairy, is_vegan, unit_cost, unit_type, created_at, updated_at) VALUES (1008, 'Tomatoes', FALSE, FALSE, TRUE, 0.03, 'gram', NOW(), NOW()) ON CONFLICT (id) DO UPDATE SET name = EXCLUDED.name, is_meat = EXCLUDED.is_meat, is_dairy = EXCLUDED.is_dairy, is_vegan = EXCLUDED.is_vegan, unit_cost = EXCLUDED.unit_cost, unit_type = EXCLUDED.unit_type;
INSERT INTO pizzeria_ingredient (id, name, is_meat, is_dairy, is_vegan, unit_cost, unit_type, created_at, updated_at) VALUES (1009, 'Tzatziki', FALSE, FALSE, FALSE, 0.05, 'gram', NOW(), NOW()) ON CONFLICT (id) DO UPDATE SET name = EXCLUDED.name, is_meat = EXCLUDED.is_meat, is_dairy = EXCLUDED.is_dairy, is_vegan = EXCLUDED.is_vegan, unit_cost = EXCLUDED.unit_cost, unit_type = EXCLUDED.unit_type;
INSERT INTO pizzeria_ingredient (id, name, is_meat, is_dairy, is_vegan, unit_cost, unit_type, created_at, updated_at) VALUES (1010, 'Gorgonzola', FALSE, TRUE, FALSE, 0.06, 'gram', NOW(), NOW()) ON CONFLICT (id) DO UPDATE SET name = EXCLUDED.name, is_meat = EXCLUDED.is_meat, is_dairy = EXCLUDED.is_dairy, is_vegan = EXCLUDED.is_vegan, unit_cost = EXCLUDED.unit_cost, unit_type = EXCLUDED.unit_type;
INSERT INTO pizzeria_ingredient (id, name, is_meat, is_dairy, is_vegan, unit_cost, unit_type, created_at, updated_at) VALUES (1011, 'Parmesan', FALSE, TRUE, FALSE, 0.07, 'gram', NOW(), NOW()) ON CONFLICT (id) DO UPDATE SET name = EXCLUDED.name, is_meat = EXCLUDED.is_meat, is_dairy = EXCLUDED.is_dairy, is_vegan = EXCLUDED.is_vegan, unit_cost = EXCLUDED.unit_cost, unit_type = EXCLUDED.unit_type;
INSERT INTO pizzeria_ingredient (id, name, is_meat, is_dairy, is_vegan, unit_cost, unit_type, created_at, updated_at) VALUES (1012, 'Ricotta', FALSE, TRUE, FALSE, 0.05, 'gram', NOW(), NOW()) ON CONFLICT (id) DO UPDATE SET name = EXCLUDED.name, is_meat = EXCLUDED.is_meat, is_dairy = EXCLUDED.is_dairy, is_vegan = EXCLUDED.is_vegan, unit_cost = EXCLUDED.unit_cost, unit_type = EXCLUDED.unit_type;
INSERT INTO pizzeria_ingredient (id, name, is_meat, is_dairy, is_vegan, unit_cost, unit_type, created_at, updated_at) VALUES (1013, 'Salami', TRUE, FALSE, FALSE, 0.07, 'gram', NOW(), NOW()) ON CONFLICT (id) DO UPDATE SET name = EXCLUDED.name, is_meat = EXCLUDED.is_meat, is_dairy = EXCLUDED.is_dairy, is_vegan = EXCLUDED.is_vegan, unit_cost = EXCLUDED.unit_cost, unit_type = EXCLUDED.unit_type;
INSERT INTO pizzeria_ingredient (id, name, is_meat, is_dairy, is_vegan, unit_cost, unit_type, created_at, updated_at) VALUES (1014, 'Bacon', TRUE, FALSE, FALSE, 0.08, 'gram', NOW(), NOW()) ON CONFLICT (id) DO UPDATE SET name = EXCLUDED.name, is_meat = EXCLUDED.is_meat, is_dairy = EXCLUDED.is_dairy, is_vegan = EXCLUDED.is_vegan, unit_cost = EXCLUDED.unit_cost, unit_type = EXCLUDED.unit_type;
INSERT INTO pizzeria_ingredient (id, name, is_meat, is_dairy, is_vegan, unit_cost, unit_type, created_at, updated_at) VALUES (1015, 'Italian sausage', TRUE, FALSE, FALSE, 0.07, 'gram', NOW(), NOW()) ON CONFLICT (id) DO UPDATE SET name = EXCLUDED.name, is_meat = EXCLUDED.is_meat, is_dairy = EXCLUDED.is_dairy, is_vegan = EXCLUDED.is_vegan, unit_cost = EXCLUDED.unit_cost, unit_type = EXCLUDED.unit_type;
INSERT INTO pizzeria_ingredient (id, name, is_meat, is_dairy, is_vegan, unit_cost, unit_type, created_at, updated_at) VALUES (1016, 'Ground beef', TRUE, FALSE, FALSE, 0.06, 'gram', NOW(), NOW()) ON CONFLICT (id) DO UPDATE SET name = EXCLUDED.name, is_meat = EXCLUDED.is_meat, is_dairy = EXCLUDED.is_dairy, is_vegan = EXCLUDED.is_vegan, unit_cost = EXCLUDED.unit_cost, unit_type = EXCLUDED.unit_type;
INSERT INTO pizzeria_ingredient (id, name, is_meat, is_dairy, is_vegan, unit_cost, unit_type, created_at, updated_at) VALUES (1017, 'Tuna', FALSE, FALSE, FALSE, 0.07, 'gram', NOW(), NOW()) ON CONFLICT (id) DO UPDATE SET name = EXCLUDED.name, is_meat = EXCLUDED.is_meat, is_dairy = EXCLUDED.is_dairy, is_vegan = EXCLUDED.is_vegan, unit_cost = EXCLUDED.unit_cost, unit_type = EXCLUDED.unit_type;
INSERT INTO pizzeria_ingredient (id, name, is_meat, is_dairy, is_vegan, unit_cost, unit_type, created_at, updated_at) VALUES (1018, 'Sweetcorn', FALSE, FALSE, TRUE, 0.025, 'gram', NOW(), NOW()) ON CONFLICT (id) DO UPDATE SET name = EXCLUDED.name, is_meat = EXCLUDED.is_meat, is_dairy = EXCLUDED.is_dairy, is_vegan = EXCLUDED.is_vegan, unit_cost = EXCLUDED.unit_cost, unit_type = EXCLUDED.unit_type;
INSERT INTO pizzeria_ingredient (id, name, is_meat, is_dairy, is_vegan, unit_cost, unit_type, created_at, updated_at) VALUES (1019, 'Artichoke hearts', FALSE, FALSE, TRUE, 0.035, 'gram', NOW(), NOW()) ON CONFLICT (id) DO UPDATE SET name = EXCLUDED.name, is_meat = EXCLUDED.is_meat, is_dairy = EXCLUDED.is_dairy, is_vegan = EXCLUDED.is_vegan, unit_cost = EXCLUDED.unit_cost, unit_type = EXCLUDED.unit_type;
INSERT INTO pizzeria_ingredient (id, name, is_meat, is_dairy, is_vegan, unit_cost, unit_type, created_at, updated_at) VALUES (1020, 'BBQ sauce', FALSE, FALSE, TRUE, 0.04, 'gram', NOW(), NOW()) ON CONFLICT (id) DO UPDATE SET name = EXCLUDED.name, is_meat = EXCLUDED.is_meat, is_dairy = EXCLUDED.is_dairy, is_vegan = EXCLUDED.is_vegan, unit_cost = EXCLUDED.unit_cost, unit_type = EXCLUDED.unit_type;
INSERT INTO pizzeria_ingredient (id, name, is_meat, is_dairy, is_vegan, unit_cost, unit_type, created_at, updated_at) VALUES (1021, 'Chicken', TRUE, FALSE, FALSE, 0.07, 'gram', NOW(), NOW()) ON CONFLICT (id) DO UPDATE SET name = EXCLUDED.name, is_meat = EXCLUDED.is_meat, is_dairy = EXCLUDED.is_dairy, is_vegan = EXCLUDED.is_vegan, unit_cost = EXCLUDED.unit_cost, unit_type = EXCLUDED.unit_type;
INSERT INTO pizzeria_ingredient (id, name, is_meat, is_dairy, is_vegan, unit_cost, unit_type, created_at, updated_at) VALUES (1022, 'Green peppers', FALSE, FALSE, TRUE, 0.02, 'gram', NOW(), NOW()) ON CONFLICT (id) DO UPDATE SET name = EXCLUDED.name, is_meat = EXCLUDED.is_meat, is_dairy = EXCLUDED.is_dairy, is_vegan = EXCLUDED.is_vegan, unit_cost = EXCLUDED.unit_cost, unit_type = EXCLUDED.unit_type;
INSERT INTO pizzeria_ingredient (id, name, is_meat, is_dairy, is_vegan, unit_cost, unit_type, created_at, updated_at) VALUES (1023, 'Mushrooms', FALSE, FALSE, TRUE, 0.03, 'gram', NOW(), NOW()) ON CONFLICT (id) DO UPDATE SET name = EXCLUDED.name, is_meat = EXCLUDED.is_meat, is_dairy = EXCLUDED.is_dairy, is_vegan = EXCLUDED.is_vegan, unit_cost = EXCLUDED.unit_cost, unit_type = EXCLUDED.unit_type;
INSERT INTO pizzeria_ingredient (id, name, is_meat, is_dairy, is_vegan, unit_cost, unit_type, created_at, updated_at) VALUES (1024, 'Black olives', FALSE, FALSE, TRUE, 0.03, 'gram', NOW(), NOW()) ON CONFLICT (id) DO UPDATE SET name = EXCLUDED.name, is_meat = EXCLUDED.is_meat, is_dairy = EXCLUDED.is_dairy, is_vegan = EXCLUDED.is_vegan, unit_cost = EXCLUDED.unit_cost, unit_type = EXCLUDED.unit_type;
INSERT INTO pizzeria_ingredient (id, name, is_meat, is_dairy, is_vegan, unit_cost, unit_type, created_at, updated_at) VALUES (1025, 'Curry sauce (sweet)', FALSE, FALSE, FALSE, 0.05, 'gram', NOW(), NOW()) ON CONFLICT (id) DO UPDATE SET name = EXCLUDED.name, is_meat = EXCLUDED.is_meat, is_dairy = EXCLUDED.is_dairy, is_vegan = EXCLUDED.is_vegan, unit_cost = EXCLUDED.unit_cost, unit_type = EXCLUDED.unit_type;
INSERT INTO pizzeria_ingredient (id, name, is_meat, is_dairy, is_vegan, unit_cost, unit_type, created_at, updated_at) VALUES (1026, 'Pineapple', FALSE, FALSE, TRUE, 0.03, 'gram', NOW(), NOW()) ON CONFLICT (id) DO UPDATE SET name = EXCLUDED.name, is_meat = EXCLUDED.is_meat, is_dairy = EXCLUDED.is_dairy, is_vegan = EXCLUDED.is_vegan, unit_cost = EXCLUDED.unit_cost, unit_type = EXCLUDED.unit_type;
INSERT INTO pizzeria_ingredient (id, name, is_meat, is_dairy, is_vegan, unit_cost, unit_type, created_at, updated_at) VALUES (1027, 'Fresh basil', FALSE, FALSE, TRUE, 0.04, 'gram', NOW(), NOW()) ON CONFLICT (id) DO UPDATE SET name = EXCLUDED.name, is_meat = EXCLUDED.is_meat, is_dairy = EXCLUDED.is_dairy, is_vegan = EXCLUDED.is_vegan, unit_cost = EXCLUDED.unit_cost, unit_type = EXCLUDED.unit_type;
INSERT INTO pizzeria_ingredient (id, name, is_meat, is_dairy, is_vegan, unit_cost, unit_type, created_at, updated_at) VALUES (1028, 'Neapolitan dough', FALSE, FALSE, TRUE, 0.50, 'portion', NOW(), NOW()) ON CONFLICT (id) DO UPDATE SET name = EXCLUDED.name, is_meat = EXCLUDED.is_meat, is_dairy = EXCLUDED.is_dairy, is_vegan = EXCLUDED.is_vegan, unit_cost = EXCLUDED.unit_cost, unit_type = EXCLUDED.unit_type;
INSERT INTO pizzeria_pizza (id, name, description, is_active, is_vegetarian, is_vegan, created_at, updated_at) VALUES (4001, 'Detroit Chicken Kebap', 'Thick-base Detroit-style pizza topped with chicken kebab, onions, and garlic sauce', TRUE, FALSE, FALSE, NOW(), NOW()) ON CONFLICT (id) DO UPDATE SET name = EXCLUDED.name, description = EXCLUDED.description, is_active = EXCLUDED.is_active, is_vegetarian = EXCLUDED.is_vegetarian, is_vegan = EXCLUDED.is_vegan;
INSERT INTO pizzeria_pizza (id, name, description, is_active, is_vegetarian, is_vegan, created_at, updated_at) VALUES (4002, 'Gyros Pizza', 'Classic gyros flavours with tzatziki, tomatoes, and onions', TRUE, FALSE, FALSE, NOW(), NOW()) ON CONFLICT (id) DO UPDATE SET name = EXCLUDED.name, description = EXCLUDED.description, is_active = EXCLUDED.is_active, is_vegetarian = EXCLUDED.is_vegetarian, is_vegan = EXCLUDED.is_vegan;
INSERT INTO pizzeria_pizza (id, name, description, is_active, is_vegetarian, is_vegan, created_at, updated_at) VALUES (4003, '4 Formaggi', 'Rich blend of mozzarella, gorgonzola, parmesan, and ricotta cheeses', TRUE, TRUE, FALSE, NOW(), NOW()) ON CONFLICT (id) DO UPDATE SET name = EXCLUDED.name, description = EXCLUDED.description, is_active = EXCLUDED.is_active, is_vegetarian = EXCLUDED.is_vegetarian, is_vegan = EXCLUDED.is_vegan;
INSERT INTO pizzeria_pizza (id, name, description, is_active, is_vegetarian, is_vegan, created_at, updated_at) VALUES (4004, 'Margherita', 'Traditional pizza with tomato sauce, mozzarella, and fresh basil', TRUE, TRUE, FALSE, NOW(), NOW()) ON CONFLICT (id) DO UPDATE SET name = EXCLUDED.name, description = EXCLUDED.description, is_active = EXCLUDED.is_active, is_vegetarian = EXCLUDED.is_vegetarian, is_vegan = EXCLUDED.is_vegan;
INSERT INTO pizzeria_pizza (id, name, description, is_active, is_vegetarian, is_vegan, created_at, updated_at) VALUES (4005, 'Peperoni', 'Spicy pepperoni with mozzarella on a tomato base', TRUE, FALSE, FALSE, NOW(), NOW()) ON CONFLICT (id) DO UPDATE SET name = EXCLUDED.name, description = EXCLUDED.description, is_active = EXCLUDED.is_active, is_vegetarian = EXCLUDED.is_vegetarian, is_vegan = EXCLUDED.is_vegan;
INSERT INTO pizzeria_pizza (id, name, description, is_active, is_vegetarian, is_vegan, created_at, updated_at) VALUES (4006, 'Meatlovers', 'Loaded with pepperoni, bacon, sausage, and beef', TRUE, FALSE, FALSE, NOW(), NOW()) ON CONFLICT (id) DO UPDATE SET name = EXCLUDED.name, description = EXCLUDED.description, is_active = EXCLUDED.is_active, is_vegetarian = EXCLUDED.is_vegetarian, is_vegan = EXCLUDED.is_vegan;
INSERT INTO pizzeria_pizza (id, name, description, is_active, is_vegetarian, is_vegan, created_at, updated_at) VALUES (4007, 'Salami', 'Classic salami and mozzarella combo', TRUE, FALSE, FALSE, NOW(), NOW()) ON CONFLICT (id) DO UPDATE SET name = EXCLUDED.name, description = EXCLUDED.description, is_active = EXCLUDED.is_active, is_vegetarian = EXCLUDED.is_vegetarian, is_vegan = EXCLUDED.is_vegan;
INSERT INTO pizzeria_pizza (id, name, description, is_active, is_vegetarian, is_vegan, created_at, updated_at) VALUES (4008, 'Tuna Treat', 'Tuna with sweetcorn, onions, and olives', TRUE, FALSE, FALSE, NOW(), NOW()) ON CONFLICT (id) DO UPDATE SET name = EXCLUDED.name, description = EXCLUDED.description, is_active = EXCLUDED.is_active, is_vegetarian = EXCLUDED.is_vegetarian, is_vegan = EXCLUDED.is_vegan;
INSERT INTO pizzeria_pizza (id, name, description, is_active, is_vegetarian, is_vegan, created_at, updated_at) VALUES (4009, 'Carciofita', 'Artichokes, mushrooms, and olives over mozzarella', TRUE, TRUE, FALSE, NOW(), NOW()) ON CONFLICT (id) DO UPDATE SET name = EXCLUDED.name, description = EXCLUDED.description, is_active = EXCLUDED.is_active, is_vegetarian = EXCLUDED.is_vegetarian, is_vegan = EXCLUDED.is_vegan;
INSERT INTO pizzeria_pizza (id, name, description, is_active, is_vegetarian, is_vegan, created_at, updated_at) VALUES (4010, 'Barbecue', 'BBQ chicken with bacon, mozzarella, and onions', TRUE, FALSE, FALSE, NOW(), NOW()) ON CONFLICT (id) DO UPDATE SET name = EXCLUDED.name, description = EXCLUDED.description, is_active = EXCLUDED.is_active, is_vegetarian = EXCLUDED.is_vegetarian, is_vegan = EXCLUDED.is_vegan;
INSERT INTO pizzeria_pizza (id, name, description, is_active, is_vegetarian, is_vegan, created_at, updated_at) VALUES (4011, 'Supreme', 'Packed with meats and vegetables for the ultimate slice', TRUE, FALSE, FALSE, NOW(), NOW()) ON CONFLICT (id) DO UPDATE SET name = EXCLUDED.name, description = EXCLUDED.description, is_active = EXCLUDED.is_active, is_vegetarian = EXCLUDED.is_vegetarian, is_vegan = EXCLUDED.is_vegan;
INSERT INTO pizzeria_pizza (id, name, description, is_active, is_vegetarian, is_vegan, created_at, updated_at) VALUES (4012, 'Sweet Chicken Curry', 'Chicken in sweet curry sauce with pineapple and peppers', TRUE, FALSE, FALSE, NOW(), NOW()) ON CONFLICT (id) DO UPDATE SET name = EXCLUDED.name, description = EXCLUDED.description, is_active = EXCLUDED.is_active, is_vegetarian = EXCLUDED.is_vegetarian, is_vegan = EXCLUDED.is_vegan;
INSERT INTO pizzeria_pizza (id, name, description, is_active, is_vegetarian, is_vegan, created_at, updated_at) VALUES (4013, 'Hawaiian', 'Ham-style bacon with pineapple over mozzarella', TRUE, FALSE, FALSE, NOW(), NOW()) ON CONFLICT (id) DO UPDATE SET name = EXCLUDED.name, description = EXCLUDED.description, is_active = EXCLUDED.is_active, is_vegetarian = EXCLUDED.is_vegetarian, is_vegan = EXCLUDED.is_vegan;
TRUNCATE TABLE pizzeria_pizzaingredient RESTART IDENTITY CASCADE;
INSERT INTO pizzeria_pizzaingredient (pizza_id, ingredient_id, quantity, position, created_at, updated_at) VALUES (4001, 1028, 1, 1, NOW(), NOW());
INSERT INTO pizzeria_pizzaingredient (pizza_id, ingredient_id, quantity, position, created_at, updated_at) VALUES (4001, 1001, 90, 2, NOW(), NOW());
INSERT INTO pizzeria_pizzaingredient (pizza_id, ingredient_id, quantity, position, created_at, updated_at) VALUES (4001, 1002, 120, 3, NOW(), NOW());
INSERT INTO pizzeria_pizzaingredient (pizza_id, ingredient_id, quantity, position, created_at, updated_at) VALUES (4001, 1004, 110, 4, NOW(), NOW());
INSERT INTO pizzeria_pizzaingredient (pizza_id, ingredient_id, quantity, position, created_at, updated_at) VALUES (4001, 1005, 40, 5, NOW(), NOW());
INSERT INTO pizzeria_pizzaingredient (pizza_id, ingredient_id, quantity, position, created_at, updated_at) VALUES (4001, 1006, 30, 6, NOW(), NOW());
INSERT INTO pizzeria_pizzaingredient (pizza_id, ingredient_id, quantity, position, created_at, updated_at) VALUES (4002, 1028, 1, 1, NOW(), NOW());
INSERT INTO pizzeria_pizzaingredient (pizza_id, ingredient_id, quantity, position, created_at, updated_at) VALUES (4002, 1001, 85, 2, NOW(), NOW());
INSERT INTO pizzeria_pizzaingredient (pizza_id, ingredient_id, quantity, position, created_at, updated_at) VALUES (4002, 1002, 110, 3, NOW(), NOW());
INSERT INTO pizzeria_pizzaingredient (pizza_id, ingredient_id, quantity, position, created_at, updated_at) VALUES (4002, 1007, 120, 4, NOW(), NOW());
INSERT INTO pizzeria_pizzaingredient (pizza_id, ingredient_id, quantity, position, created_at, updated_at) VALUES (4002, 1005, 35, 5, NOW(), NOW());
INSERT INTO pizzeria_pizzaingredient (pizza_id, ingredient_id, quantity, position, created_at, updated_at) VALUES (4002, 1008, 70, 6, NOW(), NOW());
INSERT INTO pizzeria_pizzaingredient (pizza_id, ingredient_id, quantity, position, created_at, updated_at) VALUES (4002, 1009, 35, 7, NOW(), NOW());
INSERT INTO pizzeria_pizzaingredient (pizza_id, ingredient_id, quantity, position, created_at, updated_at) VALUES (4003, 1028, 1, 1, NOW(), NOW());
INSERT INTO pizzeria_pizzaingredient (pizza_id, ingredient_id, quantity, position, created_at, updated_at) VALUES (4003, 1001, 70, 2, NOW(), NOW());
INSERT INTO pizzeria_pizzaingredient (pizza_id, ingredient_id, quantity, position, created_at, updated_at) VALUES (4003, 1002, 90, 3, NOW(), NOW());
INSERT INTO pizzeria_pizzaingredient (pizza_id, ingredient_id, quantity, position, created_at, updated_at) VALUES (4003, 1010, 60, 4, NOW(), NOW());
INSERT INTO pizzeria_pizzaingredient (pizza_id, ingredient_id, quantity, position, created_at, updated_at) VALUES (4003, 1011, 40, 5, NOW(), NOW());
INSERT INTO pizzeria_pizzaingredient (pizza_id, ingredient_id, quantity, position, created_at, updated_at) VALUES (4003, 1012, 50, 6, NOW(), NOW());
INSERT INTO pizzeria_pizzaingredient (pizza_id, ingredient_id, quantity, position, created_at, updated_at) VALUES (4004, 1028, 1, 1, NOW(), NOW());
INSERT INTO pizzeria_pizzaingredient (pizza_id, ingredient_id, quantity, position, created_at, updated_at) VALUES (4004, 1001, 80, 2, NOW(), NOW());
INSERT INTO pizzeria_pizzaingredient (pizza_id, ingredient_id, quantity, position, created_at, updated_at) VALUES (4004, 1002, 110, 3, NOW(), NOW());
INSERT INTO pizzeria_pizzaingredient (pizza_id, ingredient_id, quantity, position, created_at, updated_at) VALUES (4004, 1027, 10, 4, NOW(), NOW());
INSERT INTO pizzeria_pizzaingredient (pizza_id, ingredient_id, quantity, position, created_at, updated_at) VALUES (4005, 1028, 1, 1, NOW(), NOW());
INSERT INTO pizzeria_pizzaingredient (pizza_id, ingredient_id, quantity, position, created_at, updated_at) VALUES (4005, 1001, 80, 2, NOW(), NOW());
INSERT INTO pizzeria_pizzaingredient (pizza_id, ingredient_id, quantity, position, created_at, updated_at) VALUES (4005, 1002, 100, 3, NOW(), NOW());
INSERT INTO pizzeria_pizzaingredient (pizza_id, ingredient_id, quantity, position, created_at, updated_at) VALUES (4005, 1003, 90, 4, NOW(), NOW());
INSERT INTO pizzeria_pizzaingredient (pizza_id, ingredient_id, quantity, position, created_at, updated_at) VALUES (4006, 1028, 1, 1, NOW(), NOW());
INSERT INTO pizzeria_pizzaingredient (pizza_id, ingredient_id, quantity, position, created_at, updated_at) VALUES (4006, 1001, 75, 2, NOW(), NOW());
INSERT INTO pizzeria_pizzaingredient (pizza_id, ingredient_id, quantity, position, created_at, updated_at) VALUES (4006, 1002, 110, 3, NOW(), NOW());
INSERT INTO pizzeria_pizzaingredient (pizza_id, ingredient_id, quantity, position, created_at, updated_at) VALUES (4006, 1003, 70, 4, NOW(), NOW());
INSERT INTO pizzeria_pizzaingredient (pizza_id, ingredient_id, quantity, position, created_at, updated_at) VALUES (4006, 1014, 60, 5, NOW(), NOW());
INSERT INTO pizzeria_pizzaingredient (pizza_id, ingredient_id, quantity, position, created_at, updated_at) VALUES (4006, 1015, 70, 6, NOW(), NOW());
INSERT INTO pizzeria_pizzaingredient (pizza_id, ingredient_id, quantity, position, created_at, updated_at) VALUES (4006, 1016, 80, 7, NOW(), NOW());
INSERT INTO pizzeria_pizzaingredient (pizza_id, ingredient_id, quantity, position, created_at, updated_at) VALUES (4007, 1028, 1, 1, NOW(), NOW());
INSERT INTO pizzeria_pizzaingredient (pizza_id, ingredient_id, quantity, position, created_at, updated_at) VALUES (4007, 1001, 80, 2, NOW(), NOW());
INSERT INTO pizzeria_pizzaingredient (pizza_id, ingredient_id, quantity, position, created_at, updated_at) VALUES (4007, 1002, 120, 3, NOW(), NOW());
INSERT INTO pizzeria_pizzaingredient (pizza_id, ingredient_id, quantity, position, created_at, updated_at) VALUES (4007, 1013, 100, 4, NOW(), NOW());
INSERT INTO pizzeria_pizzaingredient (pizza_id, ingredient_id, quantity, position, created_at, updated_at) VALUES (4008, 1028, 1, 1, NOW(), NOW());
INSERT INTO pizzeria_pizzaingredient (pizza_id, ingredient_id, quantity, position, created_at, updated_at) VALUES (4008, 1001, 75, 2, NOW(), NOW());
INSERT INTO pizzeria_pizzaingredient (pizza_id, ingredient_id, quantity, position, created_at, updated_at) VALUES (4008, 1002, 100, 3, NOW(), NOW());
INSERT INTO pizzeria_pizzaingredient (pizza_id, ingredient_id, quantity, position, created_at, updated_at) VALUES (4008, 1017, 90, 4, NOW(), NOW());
INSERT INTO pizzeria_pizzaingredient (pizza_id, ingredient_id, quantity, position, created_at, updated_at) VALUES (4008, 1005, 30, 5, NOW(), NOW());
INSERT INTO pizzeria_pizzaingredient (pizza_id, ingredient_id, quantity, position, created_at, updated_at) VALUES (4008, 1018, 30, 6, NOW(), NOW());
INSERT INTO pizzeria_pizzaingredient (pizza_id, ingredient_id, quantity, position, created_at, updated_at) VALUES (4008, 1024, 25, 7, NOW(), NOW());
INSERT INTO pizzeria_pizzaingredient (pizza_id, ingredient_id, quantity, position, created_at, updated_at) VALUES (4009, 1028, 1, 1, NOW(), NOW());
INSERT INTO pizzeria_pizzaingredient (pizza_id, ingredient_id, quantity, position, created_at, updated_at) VALUES (4009, 1001, 80, 2, NOW(), NOW());
INSERT INTO pizzeria_pizzaingredient (pizza_id, ingredient_id, quantity, position, created_at, updated_at) VALUES (4009, 1002, 110, 3, NOW(), NOW());
INSERT INTO pizzeria_pizzaingredient (pizza_id, ingredient_id, quantity, position, created_at, updated_at) VALUES (4009, 1019, 70, 4, NOW(), NOW());
INSERT INTO pizzeria_pizzaingredient (pizza_id, ingredient_id, quantity, position, created_at, updated_at) VALUES (4009, 1023, 40, 5, NOW(), NOW());
INSERT INTO pizzeria_pizzaingredient (pizza_id, ingredient_id, quantity, position, created_at, updated_at) VALUES (4009, 1024, 25, 6, NOW(), NOW());
INSERT INTO pizzeria_pizzaingredient (pizza_id, ingredient_id, quantity, position, created_at, updated_at) VALUES (4010, 1028, 1, 1, NOW(), NOW());
INSERT INTO pizzeria_pizzaingredient (pizza_id, ingredient_id, quantity, position, created_at, updated_at) VALUES (4010, 1020, 80, 2, NOW(), NOW());
INSERT INTO pizzeria_pizzaingredient (pizza_id, ingredient_id, quantity, position, created_at, updated_at) VALUES (4010, 1002, 120, 3, NOW(), NOW());
INSERT INTO pizzeria_pizzaingredient (pizza_id, ingredient_id, quantity, position, created_at, updated_at) VALUES (4010, 1021, 100, 4, NOW(), NOW());
INSERT INTO pizzeria_pizzaingredient (pizza_id, ingredient_id, quantity, position, created_at, updated_at) VALUES (4010, 1005, 30, 5, NOW(), NOW());
INSERT INTO pizzeria_pizzaingredient (pizza_id, ingredient_id, quantity, position, created_at, updated_at) VALUES (4010, 1014, 60, 6, NOW(), NOW());
INSERT INTO pizzeria_pizzaingredient (pizza_id, ingredient_id, quantity, position, created_at, updated_at) VALUES (4011, 1028, 1, 1, NOW(), NOW());
INSERT INTO pizzeria_pizzaingredient (pizza_id, ingredient_id, quantity, position, created_at, updated_at) VALUES (4011, 1001, 75, 2, NOW(), NOW());
INSERT INTO pizzeria_pizzaingredient (pizza_id, ingredient_id, quantity, position, created_at, updated_at) VALUES (4011, 1002, 110, 3, NOW(), NOW());
INSERT INTO pizzeria_pizzaingredient (pizza_id, ingredient_id, quantity, position, created_at, updated_at) VALUES (4011, 1003, 60, 4, NOW(), NOW());
INSERT INTO pizzeria_pizzaingredient (pizza_id, ingredient_id, quantity, position, created_at, updated_at) VALUES (4011, 1015, 60, 5, NOW(), NOW());
INSERT INTO pizzeria_pizzaingredient (pizza_id, ingredient_id, quantity, position, created_at, updated_at) VALUES (4011, 1005, 25, 6, NOW(), NOW());
INSERT INTO pizzeria_pizzaingredient (pizza_id, ingredient_id, quantity, position, created_at, updated_at) VALUES (4011, 1022, 30, 7, NOW(), NOW());
INSERT INTO pizzeria_pizzaingredient (pizza_id, ingredient_id, quantity, position, created_at, updated_at) VALUES (4011, 1023, 35, 8, NOW(), NOW());
INSERT INTO pizzeria_pizzaingredient (pizza_id, ingredient_id, quantity, position, created_at, updated_at) VALUES (4011, 1024, 20, 9, NOW(), NOW());
INSERT INTO pizzeria_pizzaingredient (pizza_id, ingredient_id, quantity, position, created_at, updated_at) VALUES (4012, 1028, 1, 1, NOW(), NOW());
INSERT INTO pizzeria_pizzaingredient (pizza_id, ingredient_id, quantity, position, created_at, updated_at) VALUES (4012, 1025, 70, 2, NOW(), NOW());
INSERT INTO pizzeria_pizzaingredient (pizza_id, ingredient_id, quantity, position, created_at, updated_at) VALUES (4012, 1002, 100, 3, NOW(), NOW());
INSERT INTO pizzeria_pizzaingredient (pizza_id, ingredient_id, quantity, position, created_at, updated_at) VALUES (4012, 1021, 90, 4, NOW(), NOW());
INSERT INTO pizzeria_pizzaingredient (pizza_id, ingredient_id, quantity, position, created_at, updated_at) VALUES (4012, 1005, 30, 5, NOW(), NOW());
INSERT INTO pizzeria_pizzaingredient (pizza_id, ingredient_id, quantity, position, created_at, updated_at) VALUES (4012, 1018, 30, 6, NOW(), NOW());
INSERT INTO pizzeria_pizzaingredient (pizza_id, ingredient_id, quantity, position, created_at, updated_at) VALUES (4012, 1022, 30, 7, NOW(), NOW());
INSERT INTO pizzeria_pizzaingredient (pizza_id, ingredient_id, quantity, position, created_at, updated_at) VALUES (4012, 1026, 80, 8, NOW(), NOW());
INSERT INTO pizzeria_pizzaingredient (pizza_id, ingredient_id, quantity, position, created_at, updated_at) VALUES (4013, 1028, 1, 1, NOW(), NOW());
INSERT INTO pizzeria_pizzaingredient (pizza_id, ingredient_id, quantity, position, created_at, updated_at) VALUES (4013, 1001, 80, 2, NOW(), NOW());
INSERT INTO pizzeria_pizzaingredient (pizza_id, ingredient_id, quantity, position, created_at, updated_at) VALUES (4013, 1002, 110, 3, NOW(), NOW());
INSERT INTO pizzeria_pizzaingredient (pizza_id, ingredient_id, quantity, position, created_at, updated_at) VALUES (4013, 1026, 100, 4, NOW(), NOW());
INSERT INTO pizzeria_pizzaingredient (pizza_id, ingredient_id, quantity, position, created_at, updated_at) VALUES (4013, 1014, 60, 5, NOW(), NOW());
INSERT INTO pizzeria_drink (id, name, category, price_eur, is_active, created_at, updated_at) VALUES (6001, 'Coca-Cola (33cl)', 'Soft Drink', 2.50, TRUE, NOW(), NOW()) ON CONFLICT (id) DO UPDATE SET name = EXCLUDED.name, category = EXCLUDED.category, price_eur = EXCLUDED.price_eur, is_active = EXCLUDED.is_active;
INSERT INTO pizzeria_drink (id, name, category, price_eur, is_active, created_at, updated_at) VALUES (6002, 'Coca-Cola Zero (33cl)', 'Soft Drink', 2.50, TRUE, NOW(), NOW()) ON CONFLICT (id) DO UPDATE SET name = EXCLUDED.name, category = EXCLUDED.category, price_eur = EXCLUDED.price_eur, is_active = EXCLUDED.is_active;
INSERT INTO pizzeria_drink (id, name, category, price_eur, is_active, created_at, updated_at) VALUES (6003, 'Fanta Orange (33cl)', 'Soft Drink', 2.50, TRUE, NOW(), NOW()) ON CONFLICT (id) DO UPDATE SET name = EXCLUDED.name, category = EXCLUDED.category, price_eur = EXCLUDED.price_eur, is_active = EXCLUDED.is_active;
INSERT INTO pizzeria_drink (id, name, category, price_eur, is_active, created_at, updated_at) VALUES (6004, 'Spa Reine Water (50cl)', 'Soft Drink', 2.20, TRUE, NOW(), NOW()) ON CONFLICT (id) DO UPDATE SET name = EXCLUDED.name, category = EXCLUDED.category, price_eur = EXCLUDED.price_eur, is_active = EXCLUDED.is_active;
INSERT INTO pizzeria_drink (id, name, category, price_eur, is_active, created_at, updated_at) VALUES (6005, 'Spa Sparkling Water (50cl)', 'Soft Drink', 2.20, TRUE, NOW(), NOW()) ON CONFLICT (id) DO UPDATE SET name = EXCLUDED.name, category = EXCLUDED.category, price_eur = EXCLUDED.price_eur, is_active = EXCLUDED.is_active;
INSERT INTO pizzeria_drink (id, name, category, price_eur, is_active, created_at, updated_at) VALUES (6006, 'Lipton Ice Tea (33cl)', 'Soft Drink', 2.70, TRUE, NOW(), NOW()) ON CONFLICT (id) DO UPDATE SET name = EXCLUDED.name, category = EXCLUDED.category, price_eur = EXCLUDED.price_eur, is_active = EXCLUDED.is_active;
INSERT INTO pizzeria_drink (id, name, category, price_eur, is_active, created_at, updated_at) VALUES (6007, 'Red Bull (25cl)', 'Energy Drink', 3.50, TRUE, NOW(), NOW()) ON CONFLICT (id) DO UPDATE SET name = EXCLUDED.name, category = EXCLUDED.category, price_eur = EXCLUDED.price_eur, is_active = EXCLUDED.is_active;
INSERT INTO pizzeria_drink (id, name, category, price_eur, is_active, created_at, updated_at) VALUES (6008, 'Heineken (33cl)', 'Beer', 3.00, TRUE, NOW(), NOW()) ON CONFLICT (id) DO UPDATE SET name = EXCLUDED.name, category = EXCLUDED.category, price_eur = EXCLUDED.price_eur, is_active = EXCLUDED.is_active;
INSERT INTO pizzeria_drink (id, name, category, price_eur, is_active, created_at, updated_at) VALUES (6009, 'Jupiler (33cl)', 'Beer', 2.80, TRUE, NOW(), NOW()) ON CONFLICT (id) DO UPDATE SET name = EXCLUDED.name, category = EXCLUDED.category, price_eur = EXCLUDED.price_eur, is_active = EXCLUDED.is_active;
INSERT INTO pizzeria_drink (id, name, category, price_eur, is_active, created_at, updated_at) VALUES (6010, 'Leffe Blonde (33cl)', 'Beer', 3.90, TRUE, NOW(), NOW()) ON CONFLICT (id) DO UPDATE SET name = EXCLUDED.name, category = EXCLUDED.category, price_eur = EXCLUDED.price_eur, is_active = EXCLUDED.is_active;
INSERT INTO pizzeria_drink (id, name, category, price_eur, is_active, created_at, updated_at) VALUES (6011, 'Leffe Brune (33cl)', 'Beer', 3.90, TRUE, NOW(), NOW()) ON CONFLICT (id) DO UPDATE SET name = EXCLUDED.name, category = EXCLUDED.category, price_eur = EXCLUDED.price_eur, is_active = EXCLUDED.is_active;
INSERT INTO pizzeria_drink (id, name, category, price_eur, is_active, created_at, updated_at) VALUES (6012, 'Hoegaarden White (33cl)', 'Beer', 3.50, TRUE, NOW(), NOW()) ON CONFLICT (id) DO UPDATE SET name = EXCLUDED.name, category = EXCLUDED.category, price_eur = EXCLUDED.price_eur, is_active = EXCLUDED.is_active;
INSERT INTO pizzeria_drink (id, name, category, price_eur, is_active, created_at, updated_at) VALUES (6013, 'House Red Wine (Glass)', 'Wine', 4.50, TRUE, NOW(), NOW()) ON CONFLICT (id) DO UPDATE SET name = EXCLUDED.name, category = EXCLUDED.category, price_eur = EXCLUDED.price_eur, is_active = EXCLUDED.is_active;
INSERT INTO pizzeria_drink (id, name, category, price_eur, is_active, created_at, updated_at) VALUES (6014, 'House White Wine (Glass)', 'Wine', 4.50, TRUE, NOW(), NOW()) ON CONFLICT (id) DO UPDATE SET name = EXCLUDED.name, category = EXCLUDED.category, price_eur = EXCLUDED.price_eur, is_active = EXCLUDED.is_active;
INSERT INTO pizzeria_drink (id, name, category, price_eur, is_active, created_at, updated_at) VALUES (6015, 'Prosecco (20cl)', 'Wine', 5.50, TRUE, NOW(), NOW()) ON CONFLICT (id) DO UPDATE SET name = EXCLUDED.name, category = EXCLUDED.category, price_eur = EXCLUDED.price_eur, is_active = EXCLUDED.is_active;
INSERT INTO pizzeria_drink (id, name, category, price_eur, is_active, created_at, updated_at) VALUES (6016, 'Orange Juice (25cl)', 'Juice', 2.80, TRUE, NOW(), NOW()) ON CONFLICT (id) DO UPDATE SET name = EXCLUDED.name, category = EXCLUDED.category, price_eur = EXCLUDED.price_eur, is_active = EXCLUDED.is_active;
INSERT INTO pizzeria_drink (id, name, category, price_eur, is_active, created_at, updated_at) VALUES (6017, 'Apple Juice (25cl)', 'Juice', 2.80, TRUE, NOW(), NOW()) ON CONFLICT (id) DO UPDATE SET name = EXCLUDED.name, category = EXCLUDED.category, price_eur = EXCLUDED.price_eur, is_active = EXCLUDED.is_active;
INSERT INTO pizzeria_drink (id, name, category, price_eur, is_active, created_at, updated_at) VALUES (6018, 'Still Mineral Water (1L)', 'Soft Drink', 4.00, TRUE, NOW(), NOW()) ON CONFLICT (id) DO UPDATE SET name = EXCLUDED.name, category = EXCLUDED.category, price_eur = EXCLUDED.price_eur, is_active = EXCLUDED.is_active;
INSERT INTO pizzeria_drink (id, name, category, price_eur, is_active, created_at, updated_at) VALUES (6019, 'Sparkling Mineral Water (1L)', 'Soft Drink', 4.00, TRUE, NOW(), NOW()) ON CONFLICT (id) DO UPDATE SET name = EXCLUDED.name, category = EXCLUDED.category, price_eur = EXCLUDED.price_eur, is_active = EXCLUDED.is_active;
INSERT INTO pizzeria_drink (id, name, category, price_eur, is_active, created_at, updated_at) VALUES (6020, 'Espresso', 'Coffee/Tea', 2.20, TRUE, NOW(), NOW()) ON CONFLICT (id) DO UPDATE SET name = EXCLUDED.name, category = EXCLUDED.category, price_eur = EXCLUDED.price_eur, is_active = EXCLUDED.is_active;
INSERT INTO pizzeria_drink (id, name, category, price_eur, is_active, created_at, updated_at) VALUES (6021, 'Cappuccino', 'Coffee/Tea', 2.90, TRUE, NOW(), NOW()) ON CONFLICT (id) DO UPDATE SET name = EXCLUDED.name, category = EXCLUDED.category, price_eur = EXCLUDED.price_eur, is_active = EXCLUDED.is_active;
INSERT INTO pizzeria_drink (id, name, category, price_eur, is_active, created_at, updated_at) VALUES (6022, 'Latte Macchiato', 'Coffee/Tea', 3.20, TRUE, NOW(), NOW()) ON CONFLICT (id) DO UPDATE SET name = EXCLUDED.name, category = EXCLUDED.category, price_eur = EXCLUDED.price_eur, is_active = EXCLUDED.is_active;
INSERT INTO pizzeria_drink (id, name, category, price_eur, is_active, created_at, updated_at) VALUES (6023, 'Hot Tea (assorted)', 'Coffee/Tea', 2.50, TRUE, NOW(), NOW()) ON CONFLICT (id) DO UPDATE SET name = EXCLUDED.name, category = EXCLUDED.category, price_eur = EXCLUDED.price_eur, is_active = EXCLUDED.is_active;
TRUNCATE TABLE pizzeria_dessertingredient RESTART IDENTITY CASCADE;
INSERT INTO pizzeria_dessert (id, name, description, price_eur, is_vegan, is_active, created_at, updated_at) VALUES (5001, 'Tiramisu', 'Classic espresso-soaked ladyfingers with mascarpone cream', 5.50, FALSE, TRUE, NOW(), NOW()) ON CONFLICT (id) DO UPDATE SET name = EXCLUDED.name, description = EXCLUDED.description, price_eur = EXCLUDED.price_eur, is_vegan = EXCLUDED.is_vegan, is_active = EXCLUDED.is_active;
INSERT INTO pizzeria_dessertingredient (dessert_id, ingredient, created_at, updated_at) VALUES (5001, '2001', NOW(), NOW());
INSERT INTO pizzeria_dessertingredient (dessert_id, ingredient, created_at, updated_at) VALUES (5001, '2002', NOW(), NOW());
INSERT INTO pizzeria_dessertingredient (dessert_id, ingredient, created_at, updated_at) VALUES (5001, '2003', NOW(), NOW());
INSERT INTO pizzeria_dessertingredient (dessert_id, ingredient, created_at, updated_at) VALUES (5001, '2004', NOW(), NOW());
INSERT INTO pizzeria_dessertingredient (dessert_id, ingredient, created_at, updated_at) VALUES (5001, '2005', NOW(), NOW());
INSERT INTO pizzeria_dessertingredient (dessert_id, ingredient, created_at, updated_at) VALUES (5001, '2006', NOW(), NOW());
INSERT INTO pizzeria_dessert (id, name, description, price_eur, is_vegan, is_active, created_at, updated_at) VALUES (5002, 'Panna Cotta', 'Silky vanilla panna cotta with berry coulis', 5.00, FALSE, TRUE, NOW(), NOW()) ON CONFLICT (id) DO UPDATE SET name = EXCLUDED.name, description = EXCLUDED.description, price_eur = EXCLUDED.price_eur, is_vegan = EXCLUDED.is_vegan, is_active = EXCLUDED.is_active;
INSERT INTO pizzeria_dessertingredient (dessert_id, ingredient, created_at, updated_at) VALUES (5002, '2007', NOW(), NOW());
INSERT INTO pizzeria_dessertingredient (dessert_id, ingredient, created_at, updated_at) VALUES (5002, '2005', NOW(), NOW());
INSERT INTO pizzeria_dessertingredient (dessert_id, ingredient, created_at, updated_at) VALUES (5002, '2008', NOW(), NOW());
INSERT INTO pizzeria_dessertingredient (dessert_id, ingredient, created_at, updated_at) VALUES (5002, '2009', NOW(), NOW());
INSERT INTO pizzeria_dessertingredient (dessert_id, ingredient, created_at, updated_at) VALUES (5002, '2010', NOW(), NOW());
INSERT INTO pizzeria_dessert (id, name, description, price_eur, is_vegan, is_active, created_at, updated_at) VALUES (5003, 'Chocolate Lava Cake', 'Warm chocolate fondant with a molten center', 6.00, FALSE, TRUE, NOW(), NOW()) ON CONFLICT (id) DO UPDATE SET name = EXCLUDED.name, description = EXCLUDED.description, price_eur = EXCLUDED.price_eur, is_vegan = EXCLUDED.is_vegan, is_active = EXCLUDED.is_active;
INSERT INTO pizzeria_dessertingredient (dessert_id, ingredient, created_at, updated_at) VALUES (5003, '2011', NOW(), NOW());
INSERT INTO pizzeria_dessertingredient (dessert_id, ingredient, created_at, updated_at) VALUES (5003, '2012', NOW(), NOW());
INSERT INTO pizzeria_dessertingredient (dessert_id, ingredient, created_at, updated_at) VALUES (5003, '2005', NOW(), NOW());
INSERT INTO pizzeria_dessertingredient (dessert_id, ingredient, created_at, updated_at) VALUES (5003, '2013', NOW(), NOW());
INSERT INTO pizzeria_dessertingredient (dessert_id, ingredient, created_at, updated_at) VALUES (5003, '2014', NOW(), NOW());
INSERT INTO pizzeria_dessertingredient (dessert_id, ingredient, created_at, updated_at) VALUES (5003, '2004', NOW(), NOW());
INSERT INTO pizzeria_dessert (id, name, description, price_eur, is_vegan, is_active, created_at, updated_at) VALUES (5004, 'Cannoli', 'Crunchy shells filled with sweet ricotta and chocolate chips', 4.80, FALSE, TRUE, NOW(), NOW()) ON CONFLICT (id) DO UPDATE SET name = EXCLUDED.name, description = EXCLUDED.description, price_eur = EXCLUDED.price_eur, is_vegan = EXCLUDED.is_vegan, is_active = EXCLUDED.is_active;
INSERT INTO pizzeria_dessertingredient (dessert_id, ingredient, created_at, updated_at) VALUES (5004, '2015', NOW(), NOW());
INSERT INTO pizzeria_dessertingredient (dessert_id, ingredient, created_at, updated_at) VALUES (5004, '2025', NOW(), NOW());
INSERT INTO pizzeria_dessertingredient (dessert_id, ingredient, created_at, updated_at) VALUES (5004, '2005', NOW(), NOW());
INSERT INTO pizzeria_dessertingredient (dessert_id, ingredient, created_at, updated_at) VALUES (5004, '2016', NOW(), NOW());
INSERT INTO pizzeria_dessertingredient (dessert_id, ingredient, created_at, updated_at) VALUES (5004, '2017', NOW(), NOW());
INSERT INTO pizzeria_dessert (id, name, description, price_eur, is_vegan, is_active, created_at, updated_at) VALUES (5005, 'Gelato Trio', 'Scoops of vanilla, chocolate, and strawberry gelato', 4.50, FALSE, TRUE, NOW(), NOW()) ON CONFLICT (id) DO UPDATE SET name = EXCLUDED.name, description = EXCLUDED.description, price_eur = EXCLUDED.price_eur, is_vegan = EXCLUDED.is_vegan, is_active = EXCLUDED.is_active;
INSERT INTO pizzeria_dessertingredient (dessert_id, ingredient, created_at, updated_at) VALUES (5005, '2018', NOW(), NOW());
INSERT INTO pizzeria_dessertingredient (dessert_id, ingredient, created_at, updated_at) VALUES (5005, '2019', NOW(), NOW());
INSERT INTO pizzeria_dessertingredient (dessert_id, ingredient, created_at, updated_at) VALUES (5005, '2020', NOW(), NOW());
INSERT INTO pizzeria_dessert (id, name, description, price_eur, is_vegan, is_active, created_at, updated_at) VALUES (5006, 'Cheesecake', 'New York-style cheesecake with graham cracker crust', 5.80, FALSE, TRUE, NOW(), NOW()) ON CONFLICT (id) DO UPDATE SET name = EXCLUDED.name, description = EXCLUDED.description, price_eur = EXCLUDED.price_eur, is_vegan = EXCLUDED.is_vegan, is_active = EXCLUDED.is_active;
INSERT INTO pizzeria_dessertingredient (dessert_id, ingredient, created_at, updated_at) VALUES (5006, '2021', NOW(), NOW());
INSERT INTO pizzeria_dessertingredient (dessert_id, ingredient, created_at, updated_at) VALUES (5006, '2005', NOW(), NOW());
INSERT INTO pizzeria_dessertingredient (dessert_id, ingredient, created_at, updated_at) VALUES (5006, '2013', NOW(), NOW());
INSERT INTO pizzeria_dessertingredient (dessert_id, ingredient, created_at, updated_at) VALUES (5006, '2012', NOW(), NOW());
INSERT INTO pizzeria_dessertingredient (dessert_id, ingredient, created_at, updated_at) VALUES (5006, '2022', NOW(), NOW());
INSERT INTO pizzeria_dessertingredient (dessert_id, ingredient, created_at, updated_at) VALUES (5006, '2008', NOW(), NOW());
INSERT INTO pizzeria_dessert (id, name, description, price_eur, is_vegan, is_active, created_at, updated_at) VALUES (5007, 'Affogato', 'Vanilla gelato drowned in hot espresso', 4.20, FALSE, TRUE, NOW(), NOW()) ON CONFLICT (id) DO UPDATE SET name = EXCLUDED.name, description = EXCLUDED.description, price_eur = EXCLUDED.price_eur, is_vegan = EXCLUDED.is_vegan, is_active = EXCLUDED.is_active;
INSERT INTO pizzeria_dessertingredient (dessert_id, ingredient, created_at, updated_at) VALUES (5007, '2018', NOW(), NOW());
INSERT INTO pizzeria_dessertingredient (dessert_id, ingredient, created_at, updated_at) VALUES (5007, '2003', NOW(), NOW());
INSERT INTO pizzeria_dessert (id, name, description, price_eur, is_vegan, is_active, created_at, updated_at) VALUES (5008, 'Lemon Sorbet', 'Refreshing dairy-free lemon sorbet', 4.00, TRUE, TRUE, NOW(), NOW()) ON CONFLICT (id) DO UPDATE SET name = EXCLUDED.name, description = EXCLUDED.description, price_eur = EXCLUDED.price_eur, is_vegan = EXCLUDED.is_vegan, is_active = EXCLUDED.is_active;
INSERT INTO pizzeria_dessertingredient (dessert_id, ingredient, created_at, updated_at) VALUES (5008, '2023', NOW(), NOW());
INSERT INTO pizzeria_dessertingredient (dessert_id, ingredient, created_at, updated_at) VALUES (5008, '2005', NOW(), NOW());
INSERT INTO pizzeria_dessertingredient (dessert_id, ingredient, created_at, updated_at) VALUES (5008, '2024', NOW(), NOW());
INSERT INTO pizzeria_dessert (id, name, description, price_eur, is_vegan, is_active, created_at, updated_at) VALUES (5009, 'Chocolate Cannoli Bites', 'Bite-sized cannoli dipped in dark chocolate', 5.20, FALSE, TRUE, NOW(), NOW()) ON CONFLICT (id) DO UPDATE SET name = EXCLUDED.name, description = EXCLUDED.description, price_eur = EXCLUDED.price_eur, is_vegan = EXCLUDED.is_vegan, is_active = EXCLUDED.is_active;
INSERT INTO pizzeria_dessertingredient (dessert_id, ingredient, created_at, updated_at) VALUES (5009, '2015', NOW(), NOW());
INSERT INTO pizzeria_dessertingredient (dessert_id, ingredient, created_at, updated_at) VALUES (5009, '2025', NOW(), NOW());
INSERT INTO pizzeria_dessertingredient (dessert_id, ingredient, created_at, updated_at) VALUES (5009, '2011', NOW(), NOW());
INSERT INTO pizzeria_dessertingredient (dessert_id, ingredient, created_at, updated_at) VALUES (5009, '2005', NOW(), NOW());
INSERT INTO pizzeria_dessertingredient (dessert_id, ingredient, created_at, updated_at) VALUES (5009, '2016', NOW(), NOW());
INSERT INTO pizzeria_customer (id, first_name, last_name, birthdate, email, phone, street, city, postal_code, country, gender, created_at, updated_at) VALUES (1, 'Amélie', 'Dupont', '1999-04-18', 'amelie.dupont@example.com', '+32 470 12 34 56', 'Avenue Louise 231', 'Ixelles', '1050', 'Belgium', 'female', NOW(), NOW()) ON CONFLICT (id) DO UPDATE SET first_name = EXCLUDED.first_name, last_name = EXCLUDED.last_name, birthdate = EXCLUDED.birthdate, email = EXCLUDED.email, phone = EXCLUDED.phone, street = EXCLUDED.street, city = EXCLUDED.city, postal_code = EXCLUDED.postal_code, country = EXCLUDED.country, gender = EXCLUDED.gender;
INSERT INTO pizzeria_customer (id, first_name, last_name, birthdate, email, phone, street, city, postal_code, country, gender, created_at, updated_at) VALUES (2, 'Louis', 'Verbeeck', '1995-11-03', 'louis.verbeeck@example.com', '+32 486 22 18 90', 'Rue de la Loi 12', 'Bruxelles', '1000', 'Belgium', 'male', NOW(), NOW()) ON CONFLICT (id) DO UPDATE SET first_name = EXCLUDED.first_name, last_name = EXCLUDED.last_name, birthdate = EXCLUDED.birthdate, email = EXCLUDED.email, phone = EXCLUDED.phone, street = EXCLUDED.street, city = EXCLUDED.city, postal_code = EXCLUDED.postal_code, country = EXCLUDED.country, gender = EXCLUDED.gender;
INSERT INTO pizzeria_customer (id, first_name, last_name, birthdate, email, phone, street, city, postal_code, country, gender, created_at, updated_at) VALUES (3, 'Noah', 'De Smet', '2001-07-27', 'noah.desmet@example.com', '+32 495 77 20 31', 'Chaussée de Gand 402', 'Molenbeek-Saint-Jean', '1080', 'Belgium', 'male', NOW(), NOW()) ON CONFLICT (id) DO UPDATE SET first_name = EXCLUDED.first_name, last_name = EXCLUDED.last_name, birthdate = EXCLUDED.birthdate, email = EXCLUDED.email, phone = EXCLUDED.phone, street = EXCLUDED.street, city = EXCLUDED.city, postal_code = EXCLUDED.postal_code, country = EXCLUDED.country, gender = EXCLUDED.gender;
INSERT INTO pizzeria_customer (id, first_name, last_name, birthdate, email, phone, street, city, postal_code, country, gender, created_at, updated_at) VALUES (4, 'Sara', 'Benali', '1998-02-09', 'sara.benali@example.com', '+32 472 40 55 88', 'Rue Wayez 75', 'Anderlecht', '1070', 'Belgium', 'female', NOW(), NOW()) ON CONFLICT (id) DO UPDATE SET first_name = EXCLUDED.first_name, last_name = EXCLUDED.last_name, birthdate = EXCLUDED.birthdate, email = EXCLUDED.email, phone = EXCLUDED.phone, street = EXCLUDED.street, city = EXCLUDED.city, postal_code = EXCLUDED.postal_code, country = EXCLUDED.country, gender = EXCLUDED.gender;
INSERT INTO pizzeria_customer (id, first_name, last_name, birthdate, email, phone, street, city, postal_code, country, gender, created_at, updated_at) VALUES (5, 'Elena', 'Marin', '2003-06-14', 'elena.marin@example.com', '+32 491 66 44 12', 'Rue du Bailli 19', 'Ixelles', '1050', 'Belgium', 'female', NOW(), NOW()) ON CONFLICT (id) DO UPDATE SET first_name = EXCLUDED.first_name, last_name = EXCLUDED.last_name, birthdate = EXCLUDED.birthdate, email = EXCLUDED.email, phone = EXCLUDED.phone, street = EXCLUDED.street, city = EXCLUDED.city, postal_code = EXCLUDED.postal_code, country = EXCLUDED.country, gender = EXCLUDED.gender;
INSERT INTO pizzeria_customer (id, first_name, last_name, birthdate, email, phone, street, city, postal_code, country, gender, created_at, updated_at) VALUES (6, 'Matteo', 'Rossi', '1997-09-21', 'matteo.rossi@example.com', '+32 476 11 92 03', 'Avenue Charles Quint 145', 'Ganshoren', '1083', 'Belgium', 'male', NOW(), NOW()) ON CONFLICT (id) DO UPDATE SET first_name = EXCLUDED.first_name, last_name = EXCLUDED.last_name, birthdate = EXCLUDED.birthdate, email = EXCLUDED.email, phone = EXCLUDED.phone, street = EXCLUDED.street, city = EXCLUDED.city, postal_code = EXCLUDED.postal_code, country = EXCLUDED.country, gender = EXCLUDED.gender;
INSERT INTO pizzeria_customer (id, first_name, last_name, birthdate, email, phone, street, city, postal_code, country, gender, created_at, updated_at) VALUES (7, 'Yara', 'Azouzi', '2000-12-01', 'yara.azouzi@example.com', '+32 488 05 63 47', 'Boulevard Brand Whitlock 102', 'Woluwe-Saint-Lambert', '1200', 'Belgium', 'female', NOW(), NOW()) ON CONFLICT (id) DO UPDATE SET first_name = EXCLUDED.first_name, last_name = EXCLUDED.last_name, birthdate = EXCLUDED.birthdate, email = EXCLUDED.email, phone = EXCLUDED.phone, street = EXCLUDED.street, city = EXCLUDED.city, postal_code = EXCLUDED.postal_code, country = EXCLUDED.country, gender = EXCLUDED.gender;
INSERT INTO pizzeria_customer (id, first_name, last_name, birthdate, email, phone, street, city, postal_code, country, gender, created_at, updated_at) VALUES (8, 'Arthur', 'Lambert', '1992-03-25', 'arthur.lambert@example.com', '+32 474 88 30 72', 'Rue Royale 210', 'Bruxelles', '1000', 'Belgium', 'male', NOW(), NOW()) ON CONFLICT (id) DO UPDATE SET first_name = EXCLUDED.first_name, last_name = EXCLUDED.last_name, birthdate = EXCLUDED.birthdate, email = EXCLUDED.email, phone = EXCLUDED.phone, street = EXCLUDED.street, city = EXCLUDED.city, postal_code = EXCLUDED.postal_code, country = EXCLUDED.country, gender = EXCLUDED.gender;
INSERT INTO pizzeria_customer (id, first_name, last_name, birthdate, email, phone, street, city, postal_code, country, gender, created_at, updated_at) VALUES (9, 'Zoé', 'Moreau', '2004-10-07', 'zoe.moreau@example.com', '+32 496 13 22 49', 'Rue de Brabant 154', 'Schaerbeek', '1030', 'Belgium', 'female', NOW(), NOW()) ON CONFLICT (id) DO UPDATE SET first_name = EXCLUDED.first_name, last_name = EXCLUDED.last_name, birthdate = EXCLUDED.birthdate, email = EXCLUDED.email, phone = EXCLUDED.phone, street = EXCLUDED.street, city = EXCLUDED.city, postal_code = EXCLUDED.postal_code, country = EXCLUDED.country, gender = EXCLUDED.gender;
INSERT INTO pizzeria_customer (id, first_name, last_name, birthdate, email, phone, street, city, postal_code, country, gender, created_at, updated_at) VALUES (10, 'Mehdi', 'El Khattabi', '1996-05-12', 'mehdi.elkhattabi@example.com', '+32 478 59 90 66', 'Rue Léopold I 320', 'Laeken', '1020', 'Belgium', 'male', NOW(), NOW()) ON CONFLICT (id) DO UPDATE SET first_name = EXCLUDED.first_name, last_name = EXCLUDED.last_name, birthdate = EXCLUDED.birthdate, email = EXCLUDED.email, phone = EXCLUDED.phone, street = EXCLUDED.street, city = EXCLUDED.city, postal_code = EXCLUDED.postal_code, country = EXCLUDED.country, gender = EXCLUDED.gender;
INSERT INTO pizzeria_customer (id, first_name, last_name, birthdate, email, phone, street, city, postal_code, country, gender, created_at, updated_at) VALUES (11, 'Clara', 'Petit', '1993-08-30', 'clara.petit@example.com', '+32 493 27 81 45', 'Avenue de Tervueren 389', 'Woluwe-Saint-Pierre', '1150', 'Belgium', 'female', NOW(), NOW()) ON CONFLICT (id) DO UPDATE SET first_name = EXCLUDED.first_name, last_name = EXCLUDED.last_name, birthdate = EXCLUDED.birthdate, email = EXCLUDED.email, phone = EXCLUDED.phone, street = EXCLUDED.street, city = EXCLUDED.city, postal_code = EXCLUDED.postal_code, country = EXCLUDED.country, gender = EXCLUDED.gender;
INSERT INTO pizzeria_customer (id, first_name, last_name, birthdate, email, phone, street, city, postal_code, country, gender, created_at, updated_at) VALUES (12, 'Hugo', 'Declercq', '1989-01-16', 'hugo.declercq@example.com', '+32 482 74 53 61', 'Rue de Flandre 87', 'Bruxelles', '1000', 'Belgium', 'male', NOW(), NOW()) ON CONFLICT (id) DO UPDATE SET first_name = EXCLUDED.first_name, last_name = EXCLUDED.last_name, birthdate = EXCLUDED.birthdate, email = EXCLUDED.email, phone = EXCLUDED.phone, street = EXCLUDED.street, city = EXCLUDED.city, postal_code = EXCLUDED.postal_code, country = EXCLUDED.country, gender = EXCLUDED.gender;
INSERT INTO pizzeria_customer (id, first_name, last_name, birthdate, email, phone, street, city, postal_code, country, gender, created_at, updated_at) VALUES (13, 'Maya', 'Khan', '2002-02-28', 'maya.khan@example.com', '+32 490 03 48 22', 'Avenue du Heysel 11', 'Laeken', '1020', 'Belgium', 'female', NOW(), NOW()) ON CONFLICT (id) DO UPDATE SET first_name = EXCLUDED.first_name, last_name = EXCLUDED.last_name, birthdate = EXCLUDED.birthdate, email = EXCLUDED.email, phone = EXCLUDED.phone, street = EXCLUDED.street, city = EXCLUDED.city, postal_code = EXCLUDED.postal_code, country = EXCLUDED.country, gender = EXCLUDED.gender;
INSERT INTO pizzeria_customer (id, first_name, last_name, birthdate, email, phone, street, city, postal_code, country, gender, created_at, updated_at) VALUES (14, 'Ines', 'Peeters', '1994-06-05', 'ines.peeters@example.com', '+32 475 36 64 95', 'Rue des Palais 45', 'Schaerbeek', '1030', 'Belgium', 'female', NOW(), NOW()) ON CONFLICT (id) DO UPDATE SET first_name = EXCLUDED.first_name, last_name = EXCLUDED.last_name, birthdate = EXCLUDED.birthdate, email = EXCLUDED.email, phone = EXCLUDED.phone, street = EXCLUDED.street, city = EXCLUDED.city, postal_code = EXCLUDED.postal_code, country = EXCLUDED.country, gender = EXCLUDED.gender;
INSERT INTO pizzeria_customer (id, first_name, last_name, birthdate, email, phone, street, city, postal_code, country, gender, created_at, updated_at) VALUES (15, 'Lucas', 'Thys', '2001-11-19', 'lucas.thys@example.com', '+32 489 41 07 84', 'Avenue de Jette 250', 'Jette', '1090', 'Belgium', 'male', NOW(), NOW()) ON CONFLICT (id) DO UPDATE SET first_name = EXCLUDED.first_name, last_name = EXCLUDED.last_name, birthdate = EXCLUDED.birthdate, email = EXCLUDED.email, phone = EXCLUDED.phone, street = EXCLUDED.street, city = EXCLUDED.city, postal_code = EXCLUDED.postal_code, country = EXCLUDED.country, gender = EXCLUDED.gender;
INSERT INTO pizzeria_customer (id, first_name, last_name, birthdate, email, phone, street, city, postal_code, country, gender, created_at, updated_at) VALUES (16, 'Sofia', 'Carvalho', '1990-04-03', 'sofia.carvalho@example.com', '+32 497 92 01 58', 'Chaussée de Waterloo 962', 'Uccle', '1180', 'Belgium', 'female', NOW(), NOW()) ON CONFLICT (id) DO UPDATE SET first_name = EXCLUDED.first_name, last_name = EXCLUDED.last_name, birthdate = EXCLUDED.birthdate, email = EXCLUDED.email, phone = EXCLUDED.phone, street = EXCLUDED.street, city = EXCLUDED.city, postal_code = EXCLUDED.postal_code, country = EXCLUDED.country, gender = EXCLUDED.gender;
INSERT INTO pizzeria_customer (id, first_name, last_name, birthdate, email, phone, street, city, postal_code, country, gender, created_at, updated_at) VALUES (17, 'Jonas', 'De Wilde', '1998-09-11', 'jonas.dewilde@example.com', '+32 471 10 60 74', 'Rue de Genève 6', 'Evere', '1140', 'Belgium', 'male', NOW(), NOW()) ON CONFLICT (id) DO UPDATE SET first_name = EXCLUDED.first_name, last_name = EXCLUDED.last_name, birthdate = EXCLUDED.birthdate, email = EXCLUDED.email, phone = EXCLUDED.phone, street = EXCLUDED.street, city = EXCLUDED.city, postal_code = EXCLUDED.postal_code, country = EXCLUDED.country, gender = EXCLUDED.gender;
INSERT INTO pizzeria_customer (id, first_name, last_name, birthdate, email, phone, street, city, postal_code, country, gender, created_at, updated_at) VALUES (18, 'Olivia', 'Schmidt', '1997-12-22', 'olivia.schmidt@example.com', '+32 492 25 49 33', 'Avenue des Nerviens 28', 'Etterbeek', '1040', 'Belgium', 'female', NOW(), NOW()) ON CONFLICT (id) DO UPDATE SET first_name = EXCLUDED.first_name, last_name = EXCLUDED.last_name, birthdate = EXCLUDED.birthdate, email = EXCLUDED.email, phone = EXCLUDED.phone, street = EXCLUDED.street, city = EXCLUDED.city, postal_code = EXCLUDED.postal_code, country = EXCLUDED.country, gender = EXCLUDED.gender;
INSERT INTO pizzeria_customer (id, first_name, last_name, birthdate, email, phone, street, city, postal_code, country, gender, created_at, updated_at) VALUES (19, 'Samir', 'Hassan', '1995-07-08', 'samir.hassan@example.com', '+32 498 66 77 88', 'Rue du Monténégro 52', 'Forest', '1190', 'Belgium', 'male', NOW(), NOW()) ON CONFLICT (id) DO UPDATE SET first_name = EXCLUDED.first_name, last_name = EXCLUDED.last_name, birthdate = EXCLUDED.birthdate, email = EXCLUDED.email, phone = EXCLUDED.phone, street = EXCLUDED.street, city = EXCLUDED.city, postal_code = EXCLUDED.postal_code, country = EXCLUDED.country, gender = EXCLUDED.gender;
INSERT INTO pizzeria_customer (id, first_name, last_name, birthdate, email, phone, street, city, postal_code, country, gender, created_at, updated_at) VALUES (20, 'Lena', 'Novak', '2000-01-29', 'lena.novak@example.com', '+32 487 38 29 14', 'Boulevard Général Jacques 215', 'Ixelles', '1050', 'Belgium', 'female', NOW(), NOW()) ON CONFLICT (id) DO UPDATE SET first_name = EXCLUDED.first_name, last_name = EXCLUDED.last_name, birthdate = EXCLUDED.birthdate, email = EXCLUDED.email, phone = EXCLUDED.phone, street = EXCLUDED.street, city = EXCLUDED.city, postal_code = EXCLUDED.postal_code, country = EXCLUDED.country, gender = EXCLUDED.gender;
INSERT INTO pizzeria_customer (id, first_name, last_name, birthdate, email, phone, street, city, postal_code, country, gender, created_at, updated_at) VALUES (21, 'Victor', 'Nguyen', '1993-03-18', 'victor.nguyen@example.com', '+32 479 14 82 50', 'Avenue Émile de Beco 4', 'Ixelles', '1050', 'Belgium', 'male', NOW(), NOW()) ON CONFLICT (id) DO UPDATE SET first_name = EXCLUDED.first_name, last_name = EXCLUDED.last_name, birthdate = EXCLUDED.birthdate, email = EXCLUDED.email, phone = EXCLUDED.phone, street = EXCLUDED.street, city = EXCLUDED.city, postal_code = EXCLUDED.postal_code, country = EXCLUDED.country, gender = EXCLUDED.gender;
INSERT INTO pizzeria_customer (id, first_name, last_name, birthdate, email, phone, street, city, postal_code, country, gender, created_at, updated_at) VALUES (22, 'Aisha', 'Omar', '2002-06-26', 'aisha.omar@example.com', '+32 496 71 15 09', 'Rue Gray 132', 'Ixelles', '1050', 'Belgium', 'female', NOW(), NOW()) ON CONFLICT (id) DO UPDATE SET first_name = EXCLUDED.first_name, last_name = EXCLUDED.last_name, birthdate = EXCLUDED.birthdate, email = EXCLUDED.email, phone = EXCLUDED.phone, street = EXCLUDED.street, city = EXCLUDED.city, postal_code = EXCLUDED.postal_code, country = EXCLUDED.country, gender = EXCLUDED.gender;
INSERT INTO pizzeria_customer (id, first_name, last_name, birthdate, email, phone, street, city, postal_code, country, gender, created_at, updated_at) VALUES (23, 'Maxime', 'Renard', '1987-10-02', 'maxime.renard@example.com', '+32 483 02 73 61', 'Avenue Winston Churchill 366', 'Uccle', '1180', 'Belgium', 'male', NOW(), NOW()) ON CONFLICT (id) DO UPDATE SET first_name = EXCLUDED.first_name, last_name = EXCLUDED.last_name, birthdate = EXCLUDED.birthdate, email = EXCLUDED.email, phone = EXCLUDED.phone, street = EXCLUDED.street, city = EXCLUDED.city, postal_code = EXCLUDED.postal_code, country = EXCLUDED.country, gender = EXCLUDED.gender;
INSERT INTO pizzeria_customer (id, first_name, last_name, birthdate, email, phone, street, city, postal_code, country, gender, created_at, updated_at) VALUES (24, 'Chiara', 'De Luca', '1999-05-15', 'chiara.deluca@example.com', '+32 491 04 20 77', 'Avenue Brugmann 142', 'Forest', '1190', 'Belgium', 'female', NOW(), NOW()) ON CONFLICT (id) DO UPDATE SET first_name = EXCLUDED.first_name, last_name = EXCLUDED.last_name, birthdate = EXCLUDED.birthdate, email = EXCLUDED.email, phone = EXCLUDED.phone, street = EXCLUDED.street, city = EXCLUDED.city, postal_code = EXCLUDED.postal_code, country = EXCLUDED.country, gender = EXCLUDED.gender;
INSERT INTO pizzeria_customer (id, first_name, last_name, birthdate, email, phone, street, city, postal_code, country, gender, created_at, updated_at) VALUES (25, 'Eva', 'Barth', '1996-02-04', 'eva.barth@example.com', '+32 470 55 66 44', 'Rue de la Cambre 9', 'Auderghem', '1160', 'Belgium', 'female', NOW(), NOW()) ON CONFLICT (id) DO UPDATE SET first_name = EXCLUDED.first_name, last_name = EXCLUDED.last_name, birthdate = EXCLUDED.birthdate, email = EXCLUDED.email, phone = EXCLUDED.phone, street = EXCLUDED.street, city = EXCLUDED.city, postal_code = EXCLUDED.postal_code, country = EXCLUDED.country, gender = EXCLUDED.gender;
INSERT INTO pizzeria_deliveryperson (id, first_name, last_name, phone, postal_code, last_delivery_completed_at, is_active, created_at, updated_at) VALUES (1, 'Thomas', 'Lejeune', '+32 477 20 33 44', '1000', NULL, TRUE, NOW(), NOW()) ON CONFLICT (id) DO UPDATE SET first_name = EXCLUDED.first_name, last_name = EXCLUDED.last_name, phone = EXCLUDED.phone, postal_code = EXCLUDED.postal_code, is_active = EXCLUDED.is_active;
INSERT INTO pizzeria_deliveryperson (id, first_name, last_name, phone, postal_code, last_delivery_completed_at, is_active, created_at, updated_at) VALUES (2, 'Lina', 'Martens', '+32 489 11 22 33', '1030', NULL, TRUE, NOW(), NOW()) ON CONFLICT (id) DO UPDATE SET first_name = EXCLUDED.first_name, last_name = EXCLUDED.last_name, phone = EXCLUDED.phone, postal_code = EXCLUDED.postal_code, is_active = EXCLUDED.is_active;
INSERT INTO pizzeria_deliveryperson (id, first_name, last_name, phone, postal_code, last_delivery_completed_at, is_active, created_at, updated_at) VALUES (3, 'Oumar', 'Diop', '+32 486 44 55 66', '1050', NULL, TRUE, NOW(), NOW()) ON CONFLICT (id) DO UPDATE SET first_name = EXCLUDED.first_name, last_name = EXCLUDED.last_name, phone = EXCLUDED.phone, postal_code = EXCLUDED.postal_code, is_active = EXCLUDED.is_active;
COMMIT;
